Date,Open,High,Low,Close,Volume,
42006,2058.899902,2072.360107,2046.040039,2058.199951,2708700000,
42009,2054.439941,2054.439941,2017.339966,2020.579956,3799120000,
42010,2022.150024,2030.25,1992.439941,2002.609985,4460110000,
42011,2005.550049,2029.609985,2005.550049,2025.900024,3805480000,
42012,2030.609985,2064.080078,2030.609985,2062.139893,3934010000,
42013,2063.449951,2064.429932,2038.329956,2044.810059,3364140000,
42016,2046.130005,2049.300049,2022.579956,2028.26001,3456460000,
42017,2031.579956,2056.929932,2008.25,2023.030029,4107300000,
42018,2018.400024,2018.400024,1988.439941,2011.27002,4378680000,
42019,2013.75,2021.349976,1991.469971,1992.670044,4276720000,
42020,1992.25,2020.459961,1988.119995,2019.420044,4056410000,
42024,2020.76001,2028.939941,2004.48999,2022.550049,3944340000,
42025,2020.189941,2038.290039,2012.040039,2032.119995,3730070000,
42026,2034.300049,2064.620117,2026.380005,2063.149902,4176050000,
42027,2062.97998,2062.97998,2050.540039,2051.820068,3573560000,
42030,2050.419922,2057.620117,2040.969971,2057.090088,3465760000,
42031,2047.859985,2047.859985,2019.910034,2029.550049,3329810000,
42032,2032.339966,2042.48999,2001.48999,2002.160034,4067530000,
42033,2002.449951,2024.640015,1989.180054,2021.25,4127140000,
42034,2019.349976,2023.319946,1993.380005,1994.98999,4568650000,
42037,1996.670044,2021.660034,1980.900024,2020.849976,4008330000,
42038,2022.709961,2050.300049,2022.709961,2050.030029,4615900000,
42039,2048.860107,2054.73999,2036.719971,2041.51001,4141920000,
42040,2043.449951,2063.550049,2043.449951,2062.52002,3821990000,
42041,2062.280029,2072.399902,2049.969971,2055.469971,4232970000,
42044,2053.469971,2056.159912,2041.880005,2046.73999,3549540000,
42045,2049.379883,2070.860107,2048.620117,2068.590088,3669850000,
42046,2068.550049,2073.47998,2057.98999,2068.530029,3596860000,
42047,2069.97998,2088.530029,2069.97998,2088.47998,3788350000,
42048,2088.780029,2097.030029,2086.699951,2096.98999,3527450000,
42052,2096.469971,2101.300049,2089.800049,2100.340088,3361750000,
42053,2099.159912,2100.22998,2092.149902,2099.679932,3370020000,
42054,2099.25,2102.129883,2090.790039,2097.449951,3247100000,
42055,2097.649902,2110.610107,2085.439941,2110.300049,3281600000,
42058,2109.830078,2110.050049,2103,2109.659912,3093680000,
42059,2109.100098,2117.939941,2105.870117,2115.47998,3199840000,
42060,2115.300049,2119.590088,2109.889893,2113.860107,3312340000,
42061,2113.909912,2113.909912,2103.76001,2110.73999,3408690000,
42062,2110.879883,2112.73999,2103.75,2104.5,3547380000,
42065,2105.22998,2117.52002,2104.5,2117.389893,3409490000,
42066,2115.76001,2115.76001,2098.26001,2107.780029,3262300000,
42067,2107.719971,2107.719971,2094.48999,2098.530029,3421110000,
42068,2098.540039,2104.25,2095.219971,2101.040039,3103030000,
42069,2100.909912,2100.909912,2067.27002,2071.26001,3853570000,
42072,2072.25,2083.48999,2072.209961,2079.429932,3349090000,
42073,2076.139893,2076.139893,2044.160034,2044.160034,3668900000,
42074,2044.689941,2050.080078,2039.689941,2040.23999,3406570000,
42075,2041.099976,2066.409912,2041.099976,2065.949951,3405860000,
42076,2064.560059,2064.560059,2041.170044,2053.399902,3498560000,
42079,2055.350098,2081.409912,2055.350098,2081.189941,3295600000,
42080,2080.590088,2080.590088,2065.080078,2074.280029,3221840000,
42081,2072.840088,2106.850098,2061.22998,2099.5,4128210000,
42082,2098.689941,2098.689941,2085.560059,2089.27002,3305220000,
42083,2090.320068,2113.919922,2090.320068,2108.100098,5554120000,
42086,2107.98999,2114.860107,2104.419922,2104.419922,3267960000,
42087,2103.939941,2107.629883,2091.5,2091.5,3189820000,
42088,2093.100098,2097.429932,2061.050049,2061.050049,3521140000,
42089,2059.939941,2067.149902,2045.5,2056.149902,3510670000,
42090,2055.780029,2062.830078,2052.959961,2061.02002,3008550000,
42093,2064.110107,2088.969971,2064.110107,2086.23999,2917690000,
42094,2084.050049,2084.050049,2067.040039,2067.889893,3376550000,
42095,2067.629883,2067.629883,2048.379883,2059.689941,3543270000,
42096,2060.030029,2072.169922,2057.320068,2066.959961,3095960000,
42100,2064.870117,2086.98999,2056.52002,2080.620117,3302970000,
42101,2080.790039,2089.810059,2076.100098,2076.330078,3065510000,
42102,2076.939941,2086.689941,2073.300049,2081.899902,3265330000,
42103,2081.290039,2093.310059,2074.290039,2091.179932,3172360000,
42104,2091.51001,2102.610107,2091.51001,2102.060059,3156200000,
42107,2102.030029,2107.649902,2092.330078,2092.429932,2908420000,
42108,2092.280029,2098.620117,2083.23999,2095.840088,3301270000,
42109,2097.820068,2111.909912,2097.820068,2106.629883,4013760000,
42110,2105.959961,2111.300049,2100.02002,2104.98999,3434120000,
42111,2102.580078,2102.580078,2072.370117,2081.179932,3627600000,
42114,2084.110107,2103.939941,2084.110107,2100.399902,3000160000,
42115,2102.820068,2109.639893,2094.379883,2097.290039,3243410000,
42116,2098.27002,2109.97998,2091.050049,2107.959961,3348480000,
42117,2107.209961,2120.48999,2103.189941,2112.929932,3636670000,
42118,2112.800049,2120.919922,2112.800049,2117.689941,3375780000,
42121,2119.290039,2125.919922,2107.040039,2108.919922,3438750000,
42122,2108.350098,2116.040039,2094.889893,2114.76001,3546270000,
42123,2112.48999,2113.649902,2097.409912,2106.850098,4074970000,
42124,2105.52002,2105.52002,2077.590088,2085.51001,4509680000,
42125,2087.379883,2108.409912,2087.379883,2108.290039,3379390000,
42128,2110.22998,2120.949951,2110.22998,2114.48999,3091580000,
42129,2112.629883,2115.23999,2088.459961,2089.459961,3793950000,
42130,2091.26001,2098.419922,2067.929932,2080.149902,3792210000,
42131,2079.959961,2092.899902,2074.98999,2088,3676640000,
42132,2092.129883,2117.659912,2092.129883,2116.100098,3399440000,
42135,2115.560059,2117.689941,2104.580078,2105.330078,2992670000,
42136,2102.870117,2105.060059,2085.570068,2099.120117,3139520000,
42137,2099.620117,2110.189941,2096.040039,2098.47998,3374260000,
42138,2100.429932,2121.449951,2100.429932,2121.100098,3225740000,
42139,2122.070068,2123.889893,2116.810059,2122.72998,3092080000,
42142,2121.300049,2131.780029,2120.01001,2129.199951,2888190000,
42143,2129.449951,2133.02002,2124.5,2127.830078,3296030000,
42144,2127.790039,2134.719971,2122.590088,2125.850098,3025880000,
42145,2125.550049,2134.280029,2122.949951,2130.820068,3070460000,
42146,2130.360107,2132.149902,2126.060059,2126.060059,2571860000,
42150,2125.340088,2125.340088,2099.179932,2104.199951,3342130000,
42151,2105.129883,2126.219971,2105.129883,2123.47998,3127960000,
42152,2122.27002,2122.27002,2112.860107,2120.790039,2980350000,
42153,2120.659912,2120.659912,2104.889893,2107.389893,3927390000,
42156,2108.639893,2119.149902,2102.540039,2111.72998,3011710000,
42157,2110.409912,2117.590088,2099.139893,2109.600098,3049350000,
42158,2110.639893,2121.919922,2109.610107,2114.070068,3099980000,
42159,2112.350098,2112.889893,2093.22998,2095.840088,3200050000,
42160,2095.090088,2100.98999,2085.669922,2092.830078,3243690000,
42163,2092.340088,2093.01001,2079.110107,2079.280029,2917150000,
42164,2079.070068,2085.620117,2072.139893,2080.149902,3034580000,
42165,2081.120117,2108.5,2081.120117,2105.199951,3414320000,
42166,2106.23999,2115.02002,2106.23999,2108.860107,3128600000,
42167,2107.429932,2107.429932,2091.330078,2094.110107,2719400000,
42170,2091.340088,2091.340088,2072.48999,2084.429932,3061570000,
42171,2084.26001,2097.399902,2082.100098,2096.290039,2919900000,
42172,2097.399902,2106.790039,2088.860107,2100.439941,3222240000,
42173,2101.580078,2126.649902,2101.580078,2121.23999,3520360000,
42174,2121.060059,2121.639893,2109.449951,2109.98999,4449810000,
42177,2112.5,2129.870117,2112.5,2122.850098,3030020000,
42178,2123.159912,2128.030029,2119.889893,2124.199951,3091190000,
42179,2123.649902,2125.100098,2108.580078,2108.580078,3102480000,
42180,2109.959961,2116.040039,2101.780029,2102.310059,3214610000,
42181,2102.620117,2108.919922,2095.379883,2101.48999,5025470000,
42184,2098.629883,2098.629883,2056.639893,2057.639893,3678960000,
42185,2061.189941,2074.280029,2056.320068,2063.110107,4078540000,
42186,2067,2082.780029,2067,2077.419922,3727260000,
42187,2078.030029,2085.060059,2071.02002,2076.780029,2996540000,
42191,2073.949951,2078.610107,2058.399902,2068.76001,3486360000,
42192,2069.52002,2083.73999,2044.02002,2081.340088,4458660000,
42193,2077.659912,2077.659912,2044.660034,2046.680054,3608780000,
42194,2049.72998,2074.280029,2049.72998,2051.310059,3446810000,
42195,2052.73999,2081.310059,2052.73999,2076.620117,3065070000,
42198,2080.030029,2100.669922,2080.030029,2099.600098,3096730000,
42199,2099.719971,2111.97998,2098.179932,2108.949951,3002120000,
42200,2109.01001,2114.139893,2102.48999,2107.399902,3261810000,
42201,2110.550049,2124.419922,2110.550049,2124.290039,3227080000,
42202,2126.800049,2128.909912,2119.879883,2126.639893,3362750000,
42205,2126.850098,2132.820068,2123.659912,2128.280029,3245870000,
42206,2127.550049,2128.48999,2115.399902,2119.209961,3343690000,
42207,2118.209961,2118.51001,2110,2114.149902,3694070000,
42208,2114.159912,2116.870117,2098.629883,2102.149902,3772810000,
42209,2102.23999,2106.01001,2077.090088,2079.649902,3870040000,
42212,2078.189941,2078.189941,2063.52002,2067.639893,3836750000,
42213,2070.75,2095.600098,2069.090088,2093.25,4117740000,
42214,2094.699951,2110.600098,2094.080078,2108.570068,4038900000,
42215,2106.780029,2110.47998,2094.969971,2108.629883,3579410000,
42216,2111.600098,2114.23999,2102.070068,2103.840088,3681340000,
42219,2104.48999,2105.699951,2087.310059,2098.040039,3476770000,
42220,2097.679932,2102.51001,2088.600098,2093.320068,3546710000,
42221,2095.27002,2112.659912,2095.27002,2099.840088,3968680000,
42222,2100.75,2103.320068,2075.530029,2083.560059,4246570000,
42223,2082.610107,2082.610107,2067.909912,2077.570068,3602320000,
42226,2080.97998,2105.350098,2080.97998,2104.179932,3514460000,
42227,2102.659912,2102.659912,2076.48999,2084.070068,3708880000,
42228,2081.100098,2089.060059,2052.090088,2086.050049,4269130000,
42229,2086.189941,2092.929932,2078.26001,2083.389893,3221300000,
42230,2083.149902,2092.449951,2080.610107,2091.540039,2795590000,
42233,2089.699951,2102.870117,2079.300049,2102.439941,2867690000,
42234,2101.98999,2103.469971,2094.139893,2096.919922,2949990000,
42235,2095.689941,2096.169922,2070.530029,2079.610107,3512920000,
42236,2076.610107,2076.610107,2035.72998,2035.72998,3922470000,
42237,2034.079956,2034.079956,1970.890015,1970.890015,5018240000,
42240,1965.150024,1965.150024,1867.01001,1893.209961,6612690000,
42241,1898.079956,1948.040039,1867.079956,1867.609985,5183560000,
42242,1872.75,1943.089966,1872.75,1940.51001,5338250000,
42243,1942.77002,1989.599976,1942.77002,1987.660034,5006390000,
42244,1986.060059,1993.47998,1975.189941,1988.869995,3949080000,
42247,1986.72998,1986.72998,1965.97998,1972.180054,3915100000,
42248,1970.089966,1970.089966,1903.069946,1913.849976,4371850000,
42249,1916.52002,1948.910034,1916.52002,1948.859985,3742620000,
42250,1950.790039,1975.01001,1944.719971,1951.130005,3520700000,
42251,1947.76001,1947.76001,1911.209961,1921.219971,3167090000,
42255,1927.300049,1970.420044,1927.300049,1969.410034,3548650000,
42256,1971.449951,1988.630005,1937.880005,1942.040039,3652120000,
42257,1941.589966,1965.290039,1937.189941,1952.290039,3626320000,
42258,1951.449951,1961.050049,1939.189941,1961.050049,3218590000,
42261,1963.060059,1963.060059,1948.27002,1953.030029,3000200000,
42262,1955.099976,1983.189941,1954.300049,1978.089966,3239860000,
42263,1978.02002,1997.26001,1977.930054,1995.310059,3630680000,
42264,1995.329956,2020.859985,1986.72998,1990.199951,4183790000,
42265,1989.660034,1989.660034,1953.449951,1958.030029,6021240000,
42268,1960.839966,1979.640015,1955.800049,1966.969971,3269350000,
42269,1961.390015,1961.390015,1929.219971,1942.73999,3808260000,
42270,1943.23999,1949.52002,1932.569946,1938.76001,3190530000,
42271,1934.810059,1937.170044,1908.920044,1932.23999,4091530000,
42272,1935.930054,1952.890015,1921.5,1931.339966,3721870000,
42275,1929.180054,1929.180054,1879.209961,1881.77002,4326660000,
42276,1881.900024,1899.47998,1871.910034,1884.089966,4132390000,
42277,1887.140015,1920.530029,1887.140015,1920.030029,4525070000,
42278,1919.650024,1927.209961,1900.699951,1923.819946,3983600000,
42279,1921.77002,1951.359985,1893.699951,1951.359985,4378570000,
42282,1954.329956,1989.170044,1954.329956,1987.050049,4334490000,
42283,1986.630005,1991.619995,1971.98999,1979.920044,4202400000,
42284,1982.339966,1999.310059,1976.439941,1995.829956,4666470000,
42285,1994.01001,2016.5,1987.530029,2013.430054,3939140000,
42286,2013.72998,2020.130005,2007.609985,2014.890015,3706900000,
42289,2015.650024,2018.660034,2010.550049,2017.459961,2893250000,
42290,2015,2022.339966,2001.780029,2003.689941,3401920000,
42291,2003.660034,2009.560059,1990.72998,1994.23999,3644590000,
42292,1996.469971,2024.150024,1996.469971,2023.859985,3746290000,
42293,2024.369995,2033.540039,2020.459961,2033.109985,3595430000,
42296,2031.72998,2034.449951,2022.310059,2033.660034,3287320000,
42297,2033.130005,2039.119995,2026.609985,2030.77002,3331500000,
42298,2033.469971,2037.969971,2017.219971,2018.939941,3627790000,
42299,2021.880005,2055.199951,2021.880005,2052.51001,4430850000,
42300,2058.189941,2079.73999,2058.189941,2075.149902,4108460000,
42303,2075.080078,2075.139893,2066.530029,2071.179932,3385800000,
42304,2068.75,2070.370117,2058.840088,2065.889893,4216880000,
42305,2066.47998,2090.350098,2063.110107,2090.350098,4698110000,
42306,2088.350098,2092.52002,2082.629883,2089.409912,4008940000,
42307,2090,2094.320068,2079.340088,2079.360107,4256200000,
42310,2080.76001,2106.199951,2080.76001,2104.050049,3760020000,
42311,2102.629883,2116.47998,2097.51001,2109.790039,4272060000,
42312,2110.600098,2114.590088,2096.97998,2102.310059,4078870000,
42313,2101.679932,2108.780029,2090.409912,2099.929932,4051890000,
42314,2098.600098,2101.909912,2083.73999,2099.199951,4369020000,
42317,2096.560059,2096.560059,2068.23999,2078.580078,3882350000,
42318,2077.189941,2083.669922,2069.909912,2081.719971,3821440000,
42319,2083.409912,2086.939941,2074.850098,2075,3692410000,
42320,2072.290039,2072.290039,2045.660034,2045.969971,4016370000,
42321,2044.640015,2044.640015,2022.02002,2023.040039,4278750000,
42324,2022.079956,2053.219971,2019.390015,2053.189941,3741240000,
42325,2053.669922,2066.689941,2045.900024,2050.439941,4427350000,
42326,2051.98999,2085.310059,2051.98999,2083.580078,3926390000,
42327,2083.699951,2086.73999,2078.76001,2081.23999,3628110000,
42328,2082.820068,2097.060059,2082.820068,2089.169922,3929600000,
42331,2089.409912,2095.610107,2081.389893,2086.590088,3587980000,
42332,2084.419922,2094.120117,2070.290039,2089.139893,3884930000,
42333,2089.300049,2093,2086.300049,2088.870117,2852940000,
42335,2088.820068,2093.290039,2084.129883,2090.110107,1466840000,
42338,2090.949951,2093.810059,2080.409912,2080.409912,4275030000,
42339,2082.929932,2103.370117,2082.929932,2102.629883,3712120000,
42340,2101.709961,2104.27002,2077.110107,2079.51001,3950640000,
42341,2080.709961,2085,2042.349976,2049.620117,4306490000,
42342,2051.23999,2093.840088,2051.23999,2091.689941,4214910000,
42345,2090.419922,2090.419922,2066.780029,2077.070068,4043820000,
42346,2073.389893,2073.850098,2052.320068,2063.590088,4173570000,
42347,2061.169922,2080.330078,2036.530029,2047.619995,4385250000,
42348,2047.930054,2067.649902,2045.670044,2052.22998,3715150000,
42349,2047.27002,2047.27002,2008.800049,2012.369995,4301060000,
42352,2013.369995,2022.920044,1993.26001,2021.939941,4612440000,
42353,2025.550049,2053.870117,2025.550049,2043.410034,4353540000,
42354,2046.5,2076.719971,2042.430054,2073.070068,4635450000,
42355,2073.76001,2076.370117,2041.660034,2041.890015,4327390000,
42356,2040.810059,2040.810059,2005.329956,2005.550049,6683070000,
42359,2010.27002,2022.900024,2005.930054,2021.150024,3760280000,
42360,2023.150024,2042.73999,2020.48999,2038.969971,3520860000,
42361,2042.199951,2064.72998,2042.199951,2064.290039,3484090000,
42362,2063.52002,2067.360107,2058.72998,2060.98999,1411860000,
42366,2057.77002,2057.77002,2044.199951,2056.5,2492510000,
42367,2060.540039,2081.560059,2060.540039,2078.360107,2542000000,
42368,2077.340088,2077.340088,2061.969971,2063.360107,2367430000,
42369,2060.590088,2062.540039,2043.619995,2043.939941,2655330000,
42373,2038.199951,2038.199951,1989.680054,2012.660034,4304880000,
42374,2013.780029,2021.939941,2004.170044,2016.709961,3706620000,
42375,2011.709961,2011.709961,1979.050049,1990.26001,4336660000,
42376,1985.319946,1985.319946,1938.829956,1943.089966,5076590000,
42377,1945.969971,1960.400024,1918.459961,1922.030029,4664940000,
42380,1926.119995,1935.650024,1901.099976,1923.670044,4607290000,
42381,1927.829956,1947.380005,1914.349976,1938.680054,4887260000,
42382,1940.339966,1950.329956,1886.410034,1890.280029,5087030000,
42383,1891.680054,1934.469971,1878.930054,1921.839966,5241110000,
42384,1916.680054,1916.680054,1857.829956,1880.329956,5468460000,
42388,1888.660034,1901.439941,1864.599976,1881.329956,4928350000,
42389,1876.180054,1876.180054,1812.290039,1859.329956,6416070000,
42390,1861.459961,1889.849976,1848.97998,1868.98999,5078810000,
42391,1877.400024,1908.849976,1877.400024,1906.900024,4901760000,
42394,1906.280029,1906.280029,1875.969971,1877.079956,4401380000,
42395,1878.790039,1906.72998,1878.790039,1903.630005,4357940000,
42396,1902.52002,1916.98999,1872.699951,1882.949951,4754040000,
42397,1885.219971,1902.959961,1873.650024,1893.359985,4693010000,
42398,1894,1940.23999,1894,1940.23999,5497570000,
42401,1936.939941,1947.199951,1920.300049,1939.380005,4322530000,
42402,1935.26001,1935.26001,1897.290039,1903.030029,4463190000,
42403,1907.069946,1918.01001,1872.22998,1912.530029,5172950000,
42404,1911.670044,1927.349976,1900.52002,1915.449951,5193320000,
42405,1913.069946,1913.069946,1872.650024,1880.050049,4929940000,
42408,1873.25,1873.25,1828.459961,1853.439941,5636460000,
42409,1848.459961,1868.25,1834.939941,1852.209961,5183220000,
42410,1857.099976,1881.599976,1850.319946,1851.859985,4471170000,
42411,1847,1847,1810.099976,1829.079956,5500800000,
42412,1833.400024,1864.780029,1833.400024,1864.780029,4696920000,
42416,1871.439941,1895.77002,1871.439941,1895.579956,4570670000,
42417,1898.800049,1930.680054,1898.800049,1926.819946,5011540000,
42418,1927.569946,1930,1915.089966,1917.829956,4436490000,
42419,1916.73999,1918.780029,1902.170044,1917.780029,4142850000,
42422,1924.439941,1946.699951,1924.439941,1945.5,4054710000,
42423,1942.380005,1942.380005,1919.439941,1921.27002,3890650000,
42424,1917.560059,1932.079956,1891,1929.800049,4317250000,
42425,1931.869995,1951.829956,1925.410034,1951.699951,4118210000,
42426,1954.949951,1962.959961,1945.780029,1948.050049,4348510000,
42429,1947.130005,1958.27002,1931.810059,1932.22998,4588180000,
42430,1937.089966,1978.349976,1937.089966,1978.349976,4819750000,
42431,1976.599976,1986.51001,1968.800049,1986.449951,4666610000,
42432,1985.599976,1993.689941,1977.369995,1993.400024,5081700000,
42433,1994.01001,2009.130005,1986.77002,1999.98999,6049930000,
42436,1996.109985,2006.119995,1989.380005,2001.76001,4968180000,
42437,1996.880005,1996.880005,1977.430054,1979.26001,4641650000,
42438,1981.439941,1992.689941,1979.839966,1989.26001,4038120000,
42439,1990.969971,2005.079956,1969.25,1989.569946,4376790000,
42440,1994.709961,2022.369995,1994.709961,2022.189941,4078620000,
42443,2019.27002,2024.569946,2012.050049,2019.640015,3487850000,
42444,2015.27002,2015.939941,2005.22998,2015.930054,3560280000,
42445,2014.23999,2032.02002,2010.040039,2027.219971,4057020000,
42446,2026.900024,2046.23999,2022.160034,2040.589966,4530480000,
42447,2041.160034,2052.360107,2041.160034,2049.580078,6503140000,
42450,2047.880005,2053.909912,2043.140015,2051.600098,3376600000,
42451,2048.639893,2056.600098,2040.569946,2049.800049,3418460000,
42452,2048.550049,2048.550049,2034.859985,2036.709961,3639510000,
42453,2032.47998,2036.040039,2022.48999,2035.939941,3407720000,
42457,2037.890015,2042.670044,2031.959961,2037.050049,2809090000,
42458,2035.75,2055.909912,2028.310059,2055.01001,3822330000,
42459,2058.27002,2072.209961,2058.27002,2063.949951,3590310000,
42460,2063.77002,2067.919922,2057.459961,2059.73999,3715280000,
42461,2056.620117,2075.070068,2043.97998,2072.780029,3749990000,
42464,2073.189941,2074.02002,2062.570068,2066.129883,3485710000,
42465,2062.5,2062.5,2042.560059,2045.170044,4154920000,
42466,2045.560059,2067.330078,2043.089966,2066.659912,3750800000,
42467,2063.01001,2063.01001,2033.800049,2041.910034,3801250000,
42468,2045.540039,2060.629883,2041.689941,2047.599976,3359530000,
42471,2050.22998,2062.929932,2041.880005,2041.98999,3567840000,
42472,2043.719971,2065.050049,2039.73999,2061.719971,4239740000,
42473,2065.919922,2083.179932,2065.919922,2082.419922,4191830000,
42474,2082.889893,2087.840088,2078.129883,2082.780029,3765870000,
42475,2083.100098,2083.219971,2076.310059,2080.72998,3701450000,
42478,2078.830078,2094.659912,2073.649902,2094.340088,3316880000,
42479,2096.050049,2104.050049,2091.679932,2100.800049,3896830000,
42480,2101.52002,2111.050049,2096.320068,2102.399902,4184880000,
42481,2102.090088,2103.780029,2088.52002,2091.47998,4175290000,
42482,2091.48999,2094.320068,2081.199951,2091.580078,3790580000,
42485,2089.370117,2089.370117,2077.52002,2087.790039,3319740000,
42486,2089.840088,2096.870117,2085.800049,2091.699951,3557190000,
42487,2092.330078,2099.889893,2082.310059,2095.149902,4100110000,
42488,2090.929932,2099.300049,2071.620117,2075.810059,4309840000,
42489,2071.820068,2073.850098,2052.280029,2065.300049,4704720000,
42492,2067.169922,2083.419922,2066.110107,2081.429932,3841110000,
42493,2077.179932,2077.179932,2054.889893,2063.370117,4173390000,
42494,2060.300049,2060.300049,2045.550049,2051.120117,4058560000,
42495,2052.949951,2060.22998,2045.77002,2050.629883,4008530000,
42496,2047.77002,2057.719971,2039.449951,2057.139893,3796350000,
42499,2057.550049,2064.149902,2054.310059,2058.689941,3788620000,
42500,2062.629883,2084.870117,2062.629883,2084.389893,3600200000,
42501,2083.290039,2083.290039,2064.459961,2064.459961,3821980000,
42502,2067.169922,2073.98999,2053.129883,2064.110107,3782390000,
42503,2062.5,2066.790039,2043.130005,2046.609985,3579880000,
42506,2046.530029,2071.879883,2046.530029,2066.659912,3501360000,
42507,2065.040039,2065.689941,2040.819946,2047.209961,4108960000,
42508,2044.380005,2060.610107,2034.48999,2047.630005,4101320000,
42509,2044.209961,2044.209961,2025.910034,2040.040039,3846770000,
42510,2041.880005,2058.350098,2041.880005,2052.320068,3507650000,
42513,2052.22998,2055.580078,2047.26001,2048.040039,3055480000,
42514,2052.649902,2079.669922,2052.649902,2076.060059,3627340000,
42515,2078.929932,2094.72998,2078.929932,2090.540039,3859160000,
42516,2091.439941,2094.300049,2087.080078,2090.100098,3230990000,
42517,2090.060059,2099.060059,2090.060059,2099.060059,3079150000,
42521,2100.129883,2103.47998,2088.659912,2096.949951,4514410000,
42522,2093.939941,2100.969971,2085.100098,2099.330078,3525170000,
42523,2097.709961,2105.26001,2088.590088,2105.26001,3632720000,
42524,2104.070068,2104.070068,2085.360107,2099.129883,3627780000,
42527,2100.830078,2113.360107,2100.830078,2109.409912,3442020000,
42528,2110.179932,2119.219971,2110.179932,2112.129883,3534730000,
42529,2112.709961,2120.550049,2112.709961,2119.120117,3562060000,
42530,2115.649902,2117.639893,2107.72998,2115.47998,3290320000,
42531,2109.570068,2109.570068,2089.959961,2096.070068,3515010000,
42534,2091.75,2098.120117,2078.459961,2079.060059,3392030000,
42535,2076.649902,2081.300049,2064.100098,2075.320068,3759770000,
42536,2077.600098,2085.649902,2069.800049,2071.5,3544720000,
42537,2066.360107,2079.620117,2050.370117,2077.98999,3628280000,
42538,2078.199951,2078.199951,2062.840088,2071.219971,4952630000,
42541,2075.580078,2100.659912,2075.580078,2083.25,3467440000,
42542,2085.189941,2093.659912,2083.02002,2088.899902,3232880000,
42543,2089.75,2099.709961,2084.360107,2085.449951,3168160000,
42544,2092.800049,2113.320068,2092.800049,2113.320068,3297940000,
42545,2103.810059,2103.810059,2032.569946,2037.410034,7597450000,
42548,2031.449951,2031.449951,1991.680054,2000.540039,5431220000,
42549,2006.670044,2036.089966,2006.670044,2036.089966,4385810000,
42550,2042.689941,2073.129883,2042.689941,2070.77002,4241740000,
42551,2073.169922,2098.939941,2070,2098.860107,4622820000,
42552,2099.340088,2108.709961,2097.899902,2102.949951,3458890000,
42556,2095.050049,2095.050049,2080.860107,2088.550049,3658380000,
42557,2084.429932,2100.719971,2074.02002,2099.72998,3909380000,
42558,2100.419922,2109.080078,2089.389893,2097.899902,3604550000,
42559,2106.969971,2131.709961,2106.969971,2129.899902,3607500000,
42562,2131.719971,2143.159912,2131.719971,2137.159912,3253340000,
42563,2139.5,2155.399902,2139.5,2152.139893,4097820000,
42564,2153.810059,2156.449951,2146.209961,2152.429932,3502320000,
42565,2157.879883,2168.98999,2157.879883,2163.75,3465610000,
42566,2165.129883,2169.050049,2155.790039,2161.73999,3122600000,
42569,2162.040039,2168.350098,2159.629883,2166.889893,3009310000,
42570,2163.790039,2164.629883,2159.01001,2163.780029,2968340000,
42571,2166.100098,2175.629883,2164.889893,2173.02002,3211860000,
42572,2172.909912,2174.560059,2159.75,2165.169922,3438900000,
42573,2166.469971,2175.110107,2163.23999,2175.030029,3023280000,
42576,2173.709961,2173.709961,2161.949951,2168.47998,3057240000,
42577,2168.969971,2173.540039,2160.179932,2169.179932,3442350000,
42578,2169.810059,2174.97998,2159.070068,2166.580078,3995500000,
42579,2166.050049,2172.850098,2159.73999,2170.060059,3664240000,
42580,2168.830078,2177.090088,2163.48999,2173.600098,4038840000,
42583,2173.149902,2178.290039,2166.209961,2170.840088,3505990000,
42584,2169.939941,2170.199951,2147.580078,2157.030029,3848750000,
42585,2156.810059,2163.790039,2152.560059,2163.790039,3786530000,
42586,2163.51001,2168.189941,2159.070068,2164.25,3709200000,
42587,2168.790039,2182.870117,2168.790039,2182.870117,3663070000,
42590,2183.76001,2185.439941,2177.850098,2180.889893,3327550000,
42591,2182.23999,2187.659912,2178.610107,2181.73999,3334300000,
42592,2182.810059,2183.409912,2172,2175.48999,3254950000,
42593,2177.969971,2188.449951,2177.969971,2185.790039,3423160000,
42594,2183.73999,2186.280029,2179.419922,2184.050049,3000660000,
42597,2186.080078,2193.810059,2186.080078,2190.149902,3078530000,
42598,2186.23999,2186.23999,2178.139893,2178.149902,3196400000,
42599,2177.840088,2183.080078,2168.5,2182.219971,3388910000,
42600,2181.899902,2187.030029,2180.459961,2187.02002,3300570000,
42601,2184.23999,2185,2175.129883,2183.870117,3084800000,
42604,2181.580078,2185.149902,2175.959961,2182.639893,2777550000,
42605,2187.810059,2193.419922,2186.800049,2186.899902,3041490000,
42606,2185.090088,2186.659912,2171.25,2175.439941,3148280000,
42607,2173.290039,2179,2169.73999,2172.469971,2969310000,
42608,2175.100098,2187.939941,2160.389893,2169.040039,3342340000,
42611,2170.189941,2183.47998,2170.189941,2180.379883,2654780000,
42612,2179.449951,2182.27002,2170.409912,2176.120117,3006800000,
42613,2173.560059,2173.790039,2161.350098,2170.949951,3766390000,
42614,2171.330078,2173.560059,2157.090088,2170.860107,3392120000,
42615,2177.48999,2184.870117,2173.590088,2179.97998,3091120000,
42619,2181.610107,2186.570068,2175.100098,2186.47998,3447650000,
42620,2185.169922,2187.870117,2179.070068,2186.159912,3319420000,
42621,2182.76001,2184.939941,2177.48999,2181.300049,3727840000,
42622,2169.080078,2169.080078,2127.810059,2127.810059,4233960000,
42625,2120.860107,2163.300049,2119.120117,2159.040039,4010480000,
42626,2150.469971,2150.469971,2120.27002,2127.02002,4141670000,
42627,2127.860107,2141.330078,2119.899902,2125.77002,3664100000,
42628,2125.360107,2151.310059,2122.360107,2147.26001,3373720000,
42629,2146.47998,2146.47998,2131.199951,2139.159912,5014360000,
42632,2143.98999,2153.610107,2135.909912,2139.120117,3163000000,
42633,2145.939941,2150.800049,2139.169922,2139.76001,3140730000,
42634,2144.580078,2165.110107,2139.570068,2163.120117,3712090000,
42635,2170.939941,2179.98999,2170.939941,2177.179932,3552830000,
42636,2173.290039,2173.75,2163.969971,2164.689941,3317190000,
42639,2158.540039,2158.540039,2145.040039,2146.100098,3216170000,
42640,2146.040039,2161.129883,2141.550049,2159.929932,3437770000,
42641,2161.850098,2172.399902,2151.790039,2171.370117,3891460000,
42642,2168.899902,2172.669922,2145.199951,2151.129883,4249220000,
42643,2156.51001,2175.300049,2156.51001,2168.27002,4173340000,
42646,2164.330078,2164.409912,2154.77002,2161.199951,3137550000,
42647,2163.370117,2165.459961,2144.01001,2150.48999,3750890000,
42648,2155.149902,2163.949951,2155.149902,2159.72998,3906550000,
42649,2158.219971,2162.929932,2150.280029,2160.77002,3461550000,
42650,2164.189941,2165.860107,2144.850098,2153.73999,3619890000,
42653,2160.389893,2169.600098,2160.389893,2163.659912,2916550000,
42654,2161.350098,2161.560059,2128.840088,2136.72998,3438270000,
42655,2137.669922,2145.360107,2132.77002,2139.179932,2977100000,
42656,2130.26001,2138.189941,2114.719971,2132.550049,3580450000,
42657,2139.679932,2149.189941,2132.97998,2132.97998,3228150000,
42660,2132.949951,2135.610107,2124.429932,2126.5,2830390000,
42661,2138.310059,2144.379883,2135.48999,2139.600098,3170000000,
42662,2140.810059,2148.439941,2138.149902,2144.290039,3362670000,
42663,2142.51001,2147.179932,2133.439941,2141.340088,3337170000,
42664,2139.429932,2142.629883,2130.090088,2141.159912,3448850000,
42667,2148.5,2154.790039,2146.909912,2151.330078,3357320000,
42668,2149.719971,2151.439941,2141.929932,2143.159912,3751340000,
42669,2136.969971,2145.72998,2131.590088,2139.429932,3775200000,
42670,2144.060059,2147.129883,2132.52002,2133.040039,4204830000,
42671,2132.22998,2140.719971,2119.360107,2126.409912,4019510000,
42674,2129.780029,2133.25,2125.530029,2126.149902,3922400000,
42675,2128.679932,2131.449951,2097.850098,2111.719971,4532160000,
42676,2109.429932,2111.76001,2094,2097.939941,4248580000,
42677,2098.800049,2102.560059,2085.22998,2088.659912,3886740000,
42678,2083.790039,2099.070068,2083.790039,2085.179932,3837860000,
42681,2100.590088,2132,2100.590088,2131.52002,3736060000,
42682,2129.919922,2146.870117,2123.560059,2139.560059,3916930000,
42683,2131.560059,2170.100098,2125.350098,2163.26001,6264150000,
42684,2167.48999,2182.300049,2151.169922,2167.47998,6451640000,
42685,2162.709961,2165.919922,2152.48999,2164.449951,4988050000,
42688,2165.639893,2171.360107,2156.080078,2164.199951,5367200000,
42689,2168.290039,2180.840088,2166.379883,2180.389893,4543860000,
42690,2177.530029,2179.219971,2172.199951,2176.939941,3830590000,
42691,2178.610107,2188.060059,2176.649902,2187.120117,3809160000,
42692,2186.850098,2189.889893,2180.379883,2181.899902,3572400000,
42695,2186.429932,2198.699951,2186.429932,2198.179932,3607010000,
42696,2201.560059,2204.800049,2194.51001,2202.939941,3957940000,
42697,2198.550049,2204.719971,2194.51001,2204.719971,3418640000,
42699,2206.27002,2213.350098,2206.27002,2213.350098,1584600000,
42702,2210.209961,2211.139893,2200.360107,2201.719971,3505650000,
42703,2200.76001,2210.459961,2198.149902,2204.659912,3706560000,
42704,2204.969971,2214.100098,2198.810059,2198.810059,5533980000,
42705,2200.169922,2202.600098,2187.439941,2191.080078,5063740000,
42706,2191.120117,2197.949951,2188.370117,2191.949951,3779500000,
42709,2200.649902,2209.419922,2199.969971,2204.709961,3895230000,
42710,2207.26001,2212.780029,2202.209961,2212.22998,3855320000,
42711,2210.719971,2241.629883,2208.929932,2241.350098,4501820000,
42712,2241.129883,2251.689941,2237.570068,2246.189941,4200580000,
42713,2249.72998,2259.800049,2249.22998,2259.530029,3884480000,
42716,2258.830078,2264.030029,2252.370117,2256.959961,4034510000,
42717,2263.320068,2277.530029,2263.320068,2271.719971,3857590000,
42718,2268.350098,2276.199951,2248.439941,2253.280029,4406970000,
42719,2253.77002,2272.120117,2253.77002,2262.030029,4168200000,
42720,2266.810059,2268.050049,2254.23999,2258.070068,5920340000,
42723,2259.23999,2267.469971,2258.209961,2262.530029,3248370000,
42724,2266.5,2272.560059,2266.139893,2270.76001,3298780000,
42725,2270.540039,2271.22998,2265.149902,2265.179932,2852230000,
42726,2262.929932,2263.179932,2256.080078,2260.959961,2876320000,
42727,2260.25,2263.790039,2258.840088,2263.790039,2020550000,
42731,2266.22998,2273.820068,2266.149902,2268.879883,1987080000,
42732,2270.22998,2271.310059,2249.110107,2249.919922,2392360000,
42733,2249.5,2254.51001,2244.560059,2249.26001,2336370000,
42734,2251.610107,2253.580078,2233.620117,2238.830078,2670900000,
42738,2251.570068,2263.879883,2245.129883,2257.830078,3770530000,
42739,2261.600098,2272.820068,2261.600098,2270.75,3764890000,
42740,2268.179932,2271.5,2260.449951,2269,3761820000,
42741,2271.139893,2282.100098,2264.060059,2276.97998,3339890000,
42744,2273.590088,2275.48999,2268.899902,2268.899902,3217610000,
42745,2269.719971,2279.27002,2265.27002,2268.899902,3638790000,
42746,2268.600098,2275.320068,2260.830078,2275.320068,3620410000,
42747,2271.139893,2271.780029,2254.25,2270.439941,3462130000,
42748,2272.73999,2278.679932,2271.51001,2274.639893,3081270000,
42752,2269.139893,2272.080078,2262.810059,2267.889893,3584990000,
42753,2269.139893,2272.01001,2263.350098,2271.889893,3315250000,
42754,2271.899902,2274.330078,2258.409912,2263.689941,3165970000,
42755,2269.959961,2276.959961,2265.01001,2271.310059,3524970000,
42758,2267.780029,2271.780029,2257.02002,2265.199951,3152710000,
42759,2267.879883,2284.629883,2266.679932,2280.070068,3810960000,
42760,2288.879883,2299.550049,2288.879883,2298.370117,3846020000,
42761,2298.629883,2300.98999,2294.080078,2296.679932,3610360000,
42762,2299.02002,2299.02002,2291.620117,2294.689941,3135890000,
42765,2286.01001,2286.01001,2268.040039,2280.899902,3591270000,
42766,2274.02002,2279.090088,2267.209961,2278.870117,4087450000,
42767,2285.590088,2289.139893,2272.439941,2279.550049,3916610000,
42768,2276.689941,2283.969971,2271.649902,2280.850098,3807710000,
42769,2288.540039,2298.310059,2287.879883,2297.419922,3597970000,
42772,2294.280029,2296.179932,2288.570068,2292.560059,3109050000,
42773,2295.870117,2299.399902,2290.159912,2293.080078,3448690000,
42774,2289.550049,2295.909912,2285.379883,2294.669922,3609740000,
42775,2296.699951,2311.080078,2296.610107,2307.870117,3677940000,
42776,2312.27002,2319.22998,2311.100098,2316.100098,3475020000,
42779,2321.719971,2331.580078,2321.419922,2328.25,3349730000,
42780,2326.120117,2337.580078,2322.169922,2337.580078,3520910000,
42781,2335.580078,2351.300049,2334.810059,2349.25,3775590000,
42782,2349.639893,2351.310059,2338.870117,2347.219971,3672370000,
42783,2343.01001,2351.159912,2339.580078,2351.159912,3513060000,
42787,2354.909912,2366.709961,2354.909912,2365.379883,3579780000,
42788,2361.110107,2365.129883,2358.340088,2362.820068,3468670000,
42789,2367.5,2368.26001,2355.090088,2363.810059,4015260000,
42790,2355.72998,2367.340088,2352.870117,2367.340088,3831570000,
42793,2365.22998,2371.540039,2361.870117,2369.75,3582610000,
42794,2366.080078,2367.790039,2358.959961,2363.639893,4210140000,
42795,2380.129883,2400.97998,2380.129883,2395.959961,4345180000,
42796,2394.75,2394.75,2380.169922,2381.919922,3821320000,
42797,2380.919922,2383.889893,2375.389893,2383.120117,3555260000,
42800,2375.22998,2378.800049,2367.97998,2375.310059,3232700000,
42801,2370.73999,2375.120117,2365.51001,2368.389893,3518390000,
42802,2369.810059,2373.090088,2361.01001,2362.97998,3812100000,
42803,2363.48999,2369.080078,2354.540039,2364.870117,3716340000,
42804,2372.52002,2376.860107,2363.040039,2372.600098,3432950000,
42807,2371.560059,2374.419922,2368.52002,2373.469971,3133900000,
42808,2368.550049,2368.550049,2358.179932,2365.449951,3172630000,
42809,2370.340088,2390.01001,2368.939941,2385.26001,3906840000,
42810,2387.709961,2388.100098,2377.179932,2381.379883,3365660000,
42811,2383.709961,2385.709961,2377.639893,2378.25,5178040000,
42814,2378.23999,2379.550049,2369.659912,2373.469971,3054930000,
42815,2379.320068,2381.929932,2341.899902,2344.02002,4265590000,
42816,2343,2351.810059,2336.449951,2348.449951,3572730000,
42817,2345.969971,2358.919922,2342.129883,2345.959961,3260600000,
42818,2350.419922,2356.219971,2335.73999,2343.97998,2975130000,
42821,2329.110107,2344.899902,2322.25,2341.590088,3240230000,
42822,2339.790039,2363.780029,2337.629883,2358.570068,3367780000,
42823,2356.540039,2363.360107,2352.939941,2361.129883,3106940000,
42824,2361.310059,2370.419922,2358.580078,2368.060059,3158420000,
42825,2364.820068,2370.350098,2362.600098,2362.719971,3354110000,
42828,2362.340088,2365.870117,2344.72998,2358.840088,3416400000,
42829,2354.76001,2360.530029,2350.719971,2360.159912,3206240000,
42830,2366.590088,2378.360107,2350.52002,2352.949951,3770520000,
42831,2353.790039,2364.159912,2348.899902,2357.48999,3201920000,
42832,2356.590088,2363.76001,2350.73999,2355.540039,3053150000,
42835,2357.159912,2366.370117,2351.5,2357.159912,2785410000,
42836,2353.919922,2355.219971,2337.25,2353.780029,3117420000,
42837,2352.149902,2352.719971,2341.179932,2344.929932,3196950000,
42838,2341.97998,2348.26001,2328.949951,2328.949951,3143890000,
42842,2332.620117,2349.139893,2332.51001,2349.01001,2824710000,
42843,2342.530029,2348.350098,2334.540039,2342.189941,3269840000,
42844,2346.790039,2352.629883,2335.050049,2338.169922,3519900000,
42845,2342.689941,2361.370117,2340.909912,2355.840088,3647420000,
42846,2354.73999,2356.179932,2344.51001,2348.689941,3503360000,
42849,2370.330078,2376.97998,2369.189941,2374.149902,3690650000,
42850,2381.51001,2392.47998,2381.149902,2388.610107,3995240000,
42851,2388.97998,2398.159912,2386.780029,2387.449951,4105920000,
42852,2389.699951,2392.100098,2382.679932,2388.77002,4098460000,
42853,2393.679932,2393.679932,2382.360107,2384.199951,3718270000,
42856,2388.5,2394.48999,2384.830078,2388.330078,3199240000,
42857,2391.050049,2392.929932,2385.820068,2391.169922,3813680000,
42858,2386.5,2389.820068,2379.75,2388.129883,3893990000,
42859,2389.790039,2391.429932,2380.350098,2389.52002,4362540000,
42860,2392.370117,2399.290039,2389.379883,2399.290039,3540140000,
42863,2399.939941,2401.360107,2393.919922,2399.379883,3429440000,
42864,2401.580078,2403.870117,2392.439941,2396.919922,3653590000,
42865,2396.790039,2399.73999,2392.790039,2399.629883,3643530000,
42866,2394.840088,2395.719971,2381.73999,2394.439941,3727420000,
42867,2392.439941,2392.439941,2387.189941,2390.899902,3305630000,
42870,2393.97998,2404.050049,2393.939941,2402.320068,3473600000,
42871,2404.550049,2405.77002,2396.050049,2400.669922,3420790000,
42872,2382.949951,2384.870117,2356.209961,2357.030029,4163000000,
42873,2354.689941,2375.73999,2352.719971,2365.719971,4319420000,
42874,2371.370117,2389.060059,2370.429932,2381.72998,3825160000,
42877,2387.209961,2395.459961,2386.919922,2394.02002,3172830000,
42878,2397.040039,2400.850098,2393.879883,2398.419922,3213570000,
42879,2401.409912,2405.580078,2397.98999,2404.389893,3389900000,
42880,2409.540039,2418.709961,2408.01001,2415.070068,3535390000,
42881,2414.5,2416.679932,2412.199951,2415.820068,2805040000,
42885,2411.669922,2415.26001,2409.429932,2412.909912,3203160000,
42886,2415.629883,2415.98999,2403.590088,2411.800049,4516110000,
42887,2415.649902,2430.060059,2413.540039,2430.060059,3857140000,
42888,2431.280029,2440.22998,2427.709961,2439.070068,3461680000,
42891,2437.830078,2439.550049,2434.320068,2436.100098,2912600000,
42892,2431.919922,2436.209961,2428.120117,2429.330078,3357840000,
42893,2432.030029,2435.280029,2424.75,2433.139893,3572300000,
42894,2434.27002,2439.27002,2427.939941,2433.790039,3728860000,
42895,2436.389893,2446.199951,2415.699951,2431.77002,4027340000,
42898,2425.879883,2430.379883,2419.969971,2429.389893,4027750000,
42899,2434.149902,2441.48999,2431.280029,2440.350098,3275500000,
42900,2443.75,2443.75,2428.340088,2437.919922,3555590000,
42901,2424.139893,2433.949951,2418.530029,2432.459961,3353050000,
42902,2431.23999,2433.149902,2422.879883,2433.149902,5284720000,
42905,2442.550049,2453.820068,2441.790039,2453.459961,3264700000,
42906,2450.659912,2450.659912,2436.600098,2437.030029,3416510000,
42907,2439.310059,2442.22998,2430.73999,2435.610107,3594820000,
42908,2437.399902,2441.620117,2433.27002,2434.5,3468210000,
42909,2434.649902,2441.399902,2431.110107,2438.300049,5278330000,
42912,2443.320068,2450.419922,2437.030029,2439.070068,3238970000,
42913,2436.340088,2440.149902,2419.379883,2419.379883,3563910000,
42914,2428.699951,2442.969971,2428.02002,2440.689941,3500800000,
42915,2442.379883,2442.72998,2405.699951,2419.699951,3900280000,
42916,2429.199951,2432.709961,2421.649902,2423.409912,3361590000,
42919,2431.389893,2439.169922,2428.689941,2429.01001,1962290000,
42921,2430.780029,2434.899902,2422.050049,2432.540039,3367220000,
42922,2423.439941,2424.280029,2407.699951,2409.75,3364520000,
42923,2413.52002,2426.919922,2413.52002,2425.179932,2901330000,
42926,2424.51001,2432,2422.27002,2427.429932,2999130000,
42927,2427.350098,2429.300049,2412.790039,2425.530029,3106750000,
42928,2435.75,2445.76001,2435.75,2443.25,3171620000,
42929,2444.98999,2449.320068,2441.689941,2447.830078,3067670000,
42930,2449.159912,2463.540039,2446.689941,2459.27002,2736640000,
42933,2459.5,2462.820068,2457.159912,2459.139893,2793170000,
42934,2455.879883,2460.919922,2450.340088,2460.610107,2962130000,
42935,2463.850098,2473.830078,2463.850098,2473.830078,3059760000,
42936,2475.560059,2477.620117,2468.429932,2473.449951,3182780000,
42937,2467.399902,2472.540039,2465.060059,2472.540039,3059570000,
42940,2472.040039,2473.100098,2466.320068,2469.909912,3010240000,
42941,2477.879883,2481.23999,2474.909912,2477.129883,4108060000,
42942,2479.969971,2481.689941,2474.939941,2477.830078,3557020000,
42943,2482.76001,2484.040039,2459.929932,2475.419922,3995520000,
42944,2469.120117,2473.530029,2464.659912,2472.100098,3294770000,
42947,2475.939941,2477.959961,2468.530029,2470.300049,3469210000,
42948,2477.100098,2478.51001,2471.139893,2476.350098,3460860000,
42949,2480.379883,2480.379883,2466.47998,2477.570068,3478580000,
42950,2476.030029,2476.030029,2468.850098,2472.159912,3645020000,
42951,2476.879883,2480,2472.080078,2476.830078,3235140000,
42954,2477.139893,2480.949951,2475.879883,2480.909912,2931780000,
42955,2478.350098,2490.870117,2470.320068,2474.919922,3344640000,
42956,2465.350098,2474.409912,2462.080078,2474.02002,3308060000,
42957,2465.379883,2465.379883,2437.75,2438.209961,3621070000,
42958,2441.040039,2448.090088,2437.850098,2441.320068,3159930000,
42961,2454.959961,2468.219971,2454.959961,2465.840088,2822550000,
42962,2468.659912,2468.899902,2461.610107,2464.610107,2913100000,
42963,2468.629883,2474.929932,2463.860107,2468.110107,2953650000,
42964,2462.949951,2465.02002,2430.01001,2430.01001,3142620000,
42965,2427.639893,2440.27002,2420.689941,2425.550049,3415680000,
42968,2425.5,2430.580078,2417.350098,2428.370117,2788150000,
42969,2433.75,2454.77002,2433.669922,2452.51001,2777490000,
42970,2444.879883,2448.909912,2441.419922,2444.040039,2785290000,
42971,2447.909912,2450.389893,2436.189941,2438.969971,2846590000,
42972,2444.719971,2453.959961,2442.219971,2443.050049,2588780000,
42975,2447.350098,2449.120117,2439.030029,2444.23999,2677700000,
42976,2431.939941,2449.189941,2428.199951,2446.300049,2737580000,
42977,2446.060059,2460.310059,2443.77002,2457.590088,2633660000,
42978,2462.649902,2475.01001,2462.649902,2471.649902,3348110000,
42979,2474.419922,2480.379883,2473.850098,2476.550049,2710730000,
42983,2470.350098,2471.969971,2446.550049,2457.850098,3490260000,
42984,2463.830078,2469.639893,2459.199951,2465.540039,3374410000,
42985,2468.060059,2468.620117,2460.290039,2465.100098,3353930000,
42986,2462.25,2467.110107,2459.399902,2461.429932,3302490000,
42989,2474.52002,2488.949951,2474.52002,2488.110107,3291760000,
42990,2491.939941,2496.77002,2490.370117,2496.47998,3230920000,
42991,2493.889893,2498.370117,2492.139893,2498.370117,3368050000,
42992,2494.560059,2498.429932,2491.350098,2495.620117,3414460000,
42993,2495.669922,2500.22998,2493.159912,2500.22998,4853170000,
42996,2502.51001,2508.320068,2499.919922,2503.870117,3194300000,
42997,2506.290039,2507.840088,2503.189941,2506.649902,3249100000,
42998,2506.840088,2508.850098,2496.669922,2508.23999,3530010000,
42999,2507.159912,2507.159912,2499,2500.600098,2930860000,
43000,2497.26001,2503.469971,2496.540039,2502.219971,2865960000,
43003,2499.389893,2502.540039,2488.030029,2496.659912,3297890000,
43004,2501.040039,2503.51001,2495.120117,2496.840088,3043110000,
43005,2503.300049,2511.75,2495.909912,2507.040039,3456030000,
43006,2503.409912,2510.810059,2502.929932,2510.060059,3168620000,
43007,2509.959961,2519.439941,2507.98999,2519.360107,3211920000,
43010,2521.199951,2529.22998,2520.399902,2529.120117,3199730000,
43011,2530.340088,2535.129883,2528.850098,2534.580078,3068850000,
43012,2533.47998,2540.530029,2531.800049,2537.73999,3017120000,
43013,2540.860107,2552.51001,2540.02002,2552.070068,3045120000,
43014,2547.439941,2549.409912,2543.790039,2549.330078,2884570000,
43017,2551.389893,2551.820068,2541.600098,2544.72998,2483970000,
43018,2549.98999,2555.22998,2544.860107,2550.639893,2960500000,
43019,2550.620117,2555.23999,2547.949951,2555.23999,2976090000,
43020,2552.879883,2555.330078,2548.310059,2550.929932,3151510000,
43021,2555.659912,2557.649902,2552.090088,2553.169922,3149440000,
43024,2555.570068,2559.469971,2552.639893,2557.639893,2916020000,
43025,2557.169922,2559.709961,2554.689941,2559.360107,2889390000,
43026,2562.870117,2564.110107,2559.669922,2561.26001,2998090000,
43027,2553.389893,2562.360107,2547.919922,2562.100098,2990710000,
43028,2567.560059,2575.439941,2567.560059,2575.209961,3384650000,
43031,2578.080078,2578.290039,2564.330078,2564.97998,3211710000,
43032,2568.659912,2572.179932,2565.580078,2569.129883,3427330000,
43033,2566.52002,2567.399902,2544,2557.149902,3874510000,
43034,2560.080078,2567.070068,2559.800049,2560.399902,3869050000,
43035,2570.26001,2582.97998,2565.939941,2581.070068,3887110000,
43038,2577.75,2580.030029,2568.25,2572.830078,3658870000,
43039,2575.98999,2578.290039,2572.149902,2575.26001,3827230000,
43040,2583.209961,2588.399902,2574.919922,2579.360107,3813180000,
43041,2579.459961,2581.110107,2566.169922,2579.850098,4048270000,
43042,2581.929932,2588.419922,2576.77002,2587.840088,3567710000,
43045,2587.469971,2593.379883,2585.659912,2591.129883,3539080000,
43046,2592.110107,2597.02002,2584.350098,2590.639893,3809650000,
43047,2588.709961,2595.469971,2585.02002,2594.379883,3899360000,
43048,2584,2586.5,2566.330078,2584.620117,3831610000,
43049,2580.179932,2583.810059,2575.570068,2582.300049,3486910000,
43052,2576.530029,2587.659912,2574.47998,2584.840088,3402930000,
43053,2577.75,2579.659912,2566.560059,2578.870117,3641760000,
43054,2569.449951,2572.840088,2557.449951,2564.620117,3558890000,
43055,2572.949951,2590.090088,2572.949951,2585.639893,3312710000,
43056,2582.939941,2583.959961,2577.620117,2578.850098,3300160000,
43059,2579.48999,2584.639893,2578.23999,2582.139893,3003540000,
43060,2589.169922,2601.189941,2589.169922,2599.030029,3332720000,
43061,2600.310059,2600.939941,2595.22998,2597.080078,2762950000,
43063,2600.419922,2604.209961,2600.419922,2602.419922,1349780000,
43066,2602.659912,2606.409912,2598.870117,2601.419922,3006860000,
43067,2605.939941,2627.689941,2605.439941,2627.040039,3488420000,
43068,2627.820068,2634.889893,2620.320068,2626.070068,4078280000,
43069,2633.929932,2657.73999,2633.929932,2647.580078,4938490000,
43070,2645.100098,2650.620117,2605.52002,2642.219971,3942320000,
43073,2657.189941,2665.189941,2639.030029,2639.439941,4023150000,
43074,2639.780029,2648.719971,2627.72998,2629.570068,3539040000,
43075,2626.23999,2634.409912,2624.75,2629.27002,3229000000,
43076,2628.379883,2640.98999,2626.530029,2636.97998,3292400000,
43077,2646.209961,2651.649902,2644.100098,2651.5,3106150000,
43080,2652.189941,2660.330078,2651.469971,2659.98999,3091950000,
43081,2661.72998,2669.719971,2659.780029,2664.110107,3555680000,
43082,2667.590088,2671.879883,2662.850098,2662.850098,3542370000,
43083,2665.870117,2668.090088,2652.01001,2652.01001,3430030000,
43084,2660.629883,2679.629883,2659.139893,2675.810059,5723920000,
43087,2685.919922,2694.969971,2685.919922,2690.159912,3724660000,
43088,2692.709961,2694.439941,2680.73999,2681.469971,3368590000,
43089,2688.179932,2691.01001,2676.110107,2679.25,3241030000,
43090,2683.02002,2692.639893,2682.399902,2684.570068,3273390000,
43091,2684.219971,2685.350098,2678.129883,2683.340088,2399830000,
43095,2679.090088,2682.73999,2677.959961,2680.5,1968780000,
43096,2682.100098,2685.639893,2678.909912,2682.620117,2202080000,
43097,2686.100098,2687.659912,2682.689941,2687.540039,2153330000,
43098,2689.149902,2692.120117,2673.610107,2673.610107,2443490000,
